donor.id.tag,donor.tag
1582,Hashtag01-A
1589,Hashtag02-A
1605,Hashtag03-A
1606,Hashtag04-A
1611,Hashtag05-A
1615,Hashtag06-A
1616,Hashtag07-A
1618,Hashtag08-A
1620,Hashtag09-A
1624,Hashtag10-A
1582,Hashtag01-B
1589,Hashtag02-B
1605,Hashtag03-B
1606,Hashtag04-B
1611,Hashtag05-B
1615,Hashtag06-B
1616,Hashtag07-B
1618,Hashtag08-B
1620,Hashtag09-B
1624,Hashtag10-B
1626,Hashtag01-C
1630,Hashtag02-C
1318,Hashtag03-C
1320,Hashtag04-C
1325,Hashtag05-C
1328,Hashtag06-C
1329,Hashtag07-C
1330,Hashtag08-C
1338,Hashtag09-C
1355,Hashtag10-C
1626,Hashtag01-D
1630,Hashtag02-D
1318,Hashtag03-D
1320,Hashtag04-D
1325,Hashtag05-D
1328,Hashtag06-D
1329,Hashtag07-D
1330,Hashtag08-D
1338,Hashtag09-D
1355,Hashtag10-D
1363,Hashtag01-E
1367,Hashtag02-E
1374,Hashtag03-E
1389,Hashtag04-E
1401,Hashtag05-E
1403,Hashtag06-E
1405,Hashtag07-E
1406,Hashtag08-E
1415,Hashtag09-E
1416,Hashtag10-E
1363,Hashtag01-F
1367,Hashtag02-F
1374,Hashtag03-F
1389,Hashtag04-F
1401,Hashtag05-F
1403,Hashtag06-F
1405,Hashtag07-F
1406,Hashtag08-F
1415,Hashtag09-F
1416,Hashtag10-F
1418,Hashtag01-G
1421,Hashtag02-G
1423,Hashtag03-G
1427,Hashtag04-G
1431,Hashtag05-G
1436,Hashtag06-G
1437,Hashtag07-G
1438,Hashtag08-G
1453,Hashtag09-G
1456,Hashtag10-G
1418,Hashtag01-H
1421,Hashtag02-H
1423,Hashtag03-H
1427,Hashtag04-H
1431,Hashtag05-H
1436,Hashtag06-H
1437,Hashtag07-H
1438,Hashtag08-H
1453,Hashtag09-H
1456,Hashtag10-H
1754,Hashtag01-I
1767,Hashtag02-I
1781,Hashtag03-I
1784,Hashtag04-I
1788,Hashtag05-I
1751,Hashtag06-I
1790,Hashtag07-I
1808,Hashtag08-I
1812,Hashtag09-I
1821,Hashtag10-I
1754,Hashtag01-J
1767,Hashtag02-J
1781,Hashtag03-J
1784,Hashtag04-J
1788,Hashtag05-J
1751,Hashtag06-J
1790,Hashtag07-J
1808,Hashtag08-J
1812,Hashtag09-J
1821,Hashtag10-J
1464,Hashtag01-K
1470,Hashtag02-K
1475,Hashtag03-K
1556,Hashtag04-K
1567,Hashtag05-K
1476,Hashtag06-K
1479,Hashtag07-K
1487,Hashtag08-K
1568,Hashtag09-K
1577,Hashtag10-K
1464,Hashtag01-L
1470,Hashtag02-L
1475,Hashtag03-L
1556,Hashtag04-L
1567,Hashtag05-L
1476,Hashtag06-L
1479,Hashtag07-L
1487,Hashtag08-L
1568,Hashtag09-L
1577,Hashtag10-L
1489,Hashtag01-M
1371,Hashtag02-M
1510,Hashtag03-M
1580,Hashtag04-M
1604,Hashtag05-M
1518,Hashtag06-M
1538,Hashtag07-M
1545,Hashtag08-M
1621,Hashtag09-M
1632,Hashtag10-M
1489,Hashtag01-N
1371,Hashtag02-N
1510,Hashtag03-N
1580,Hashtag04-N
1604,Hashtag05-N
1518,Hashtag06-N
1538,Hashtag07-N
1545,Hashtag08-N
1621,Hashtag09-N
1632,Hashtag10-N
1369,Hashtag01-O
1838,Hashtag02-O
1841,Hashtag03-O
1848,Hashtag04-O
1287,Hashtag05-O
1864,Hashtag06-O
1867,Hashtag07-O
1877,Hashtag08-O
1880,Hashtag09-O
1286,Hashtag10-O
1369,Hashtag01-P
1838,Hashtag02-P
1841,Hashtag03-P
1848,Hashtag04-P
1287,Hashtag05-P
1864,Hashtag06-P
1867,Hashtag07-P
1877,Hashtag08-P
1880,Hashtag09-P
1286,Hashtag10-P
1636,Hashtag01-Q
1638,Hashtag02-Q
1700,Hashtag03-Q
1410,Hashtag04-Q
1454,Hashtag05-Q
1730,Hashtag06-Q
1288,Hashtag07-Q
1295,Hashtag08-Q
1508,Hashtag09-Q
1524,Hashtag10-Q
1636,Hashtag01-R
1638,Hashtag02-R
1700,Hashtag03-R
1410,Hashtag04-R
1454,Hashtag05-R
1730,Hashtag06-R
1288,Hashtag07-R
1295,Hashtag08-R
1508,Hashtag09-R
1524,Hashtag10-R
1298,Hashtag01-S
1303,Hashtag02-S
1307,Hashtag03-S
1676,Hashtag04-S
1682,Hashtag05-S
1314,Hashtag06-S
1731,Hashtag07-S
1878,Hashtag08-S
1414,Hashtag09-S
1299,Hashtag10-S
1298,Hashtag01-T
1303,Hashtag02-T
1307,Hashtag03-T
1676,Hashtag04-T
1682,Hashtag05-T
1314,Hashtag06-T
1731,Hashtag07-T
1878,Hashtag08-T
1414,Hashtag09-T
1299,Hashtag10-T
1505,Hashtag01-U
1578,Hashtag02-U
1757,Hashtag03-U
1466,Hashtag04-U
1915,Hashtag05-U
1742,Hashtag06-U
1519,Hashtag07-U
1885,Hashtag08-U
1810,Hashtag09-U
1308,Hashtag10-U
1505,Hashtag01-V
1578,Hashtag02-V
1757,Hashtag03-V
1466,Hashtag04-V
1915,Hashtag05-V
1742,Hashtag06-V
1519,Hashtag07-V
1885,Hashtag08-V
1810,Hashtag09-V
1308,Hashtag10-V
1796,Hashtag01-W
1830,Hashtag02-W
1832,Hashtag03-W
1353,Hashtag04-W
15,Hashtag05-W
1865,Hashtag06-W
1869,Hashtag07-W
1917,Hashtag08-W
18,Hashtag09-W
19,Hashtag10-W
1796,Hashtag01-X
1830,Hashtag02-X
1832,Hashtag03-X
1353,Hashtag04-X
15,Hashtag05-X
1865,Hashtag06-X
1869,Hashtag07-X
1917,Hashtag08-X
18,Hashtag09-X
19,Hashtag10-X
