Cite Seq Method,CITE Seq Marker,Barcode Sequence,BioLegend Barcode ID,R24 hashtag ID
TotalSeq C,Human Hashtag 1,GTCAACTCTTTAGCG,C0251,Human Hashtag 1
TotalSeq C,Human Hashtag 2,TGATGGCCTATTGGG,C0252,Human Hashtag 2
TotalSeq C,Human Hashtag 3,TTCCGCCTCTCTTTG,C0253,Human Hashtag 3
TotalSeq C,Human Hashtag 4,AGTAAGTTCAGCGTA,C0254,Human Hashtag 4
TotalSeq C,Human Hashtag 5,AAGTATCGTTTCGCA,C0255,Human Hashtag 5
TotalSeq C,Human Hashtag 6,GGTTGCCAGATGTCA,C0256,Human Hashtag 6
TotalSeq C,Human Hashtag 7,TGTCTTTCCTGCCAG,C0257,Human Hashtag 7
TotalSeq C,Human Hashtag 8,CTCCTCTGCAATTAC,C0258,Human Hashtag 8
TotalSeq C,Human Hashtag 9,CAGTAGTCACGGTCA,C0259,Human Hashtag 9
TotalSeq C,Human Hashtag 10,ATTGACCCGCGTTAG,C0260,Human Hashtag 10